"Index","AAPL.DailyEndEq"
2000-01-03,0
2000-01-04,0
2000-01-05,0
2000-01-06,0
2000-01-07,0
2000-01-10,0
2000-01-11,0
2000-01-12,0
2000-01-13,0
2000-01-14,0
2000-01-18,0
2000-01-19,0
2000-01-20,0
2000-01-21,0
2000-01-24,0
2000-01-25,0
2000-01-26,0
2000-01-27,0
2000-01-28,0
2000-01-31,0
2000-02-01,0
2000-02-02,0
2000-02-03,0
2000-02-04,0
2000-02-07,0
2000-02-08,0
2000-02-09,0
2000-02-10,0
2000-02-11,0
2000-02-14,0
2000-02-15,0
2000-02-16,0
2000-02-17,0
2000-02-18,0
2000-02-22,0
2000-02-23,0
2000-02-24,0
2000-02-25,0
2000-02-28,0
2000-02-29,0
2000-03-01,0
2000-03-02,0
2000-03-03,0
2000-03-06,0
2000-03-07,0
2000-03-08,0
2000-03-09,0
2000-03-10,0
2000-03-13,0
2000-03-14,0
2000-03-15,0
2000-03-16,0
2000-03-17,0
2000-03-20,0
2000-03-21,0
2000-03-22,0
2000-03-23,0
2000-03-24,0
2000-03-27,0
2000-03-28,0
2000-03-29,0
2000-03-30,0
2000-03-31,0
2000-04-03,0
2000-04-04,0
2000-04-05,0
2000-04-06,0
2000-04-07,0
2000-04-10,0
2000-04-11,0
2000-04-12,0
2000-04-13,0
2000-04-14,0
2000-04-17,0
2000-04-18,0
2000-04-19,0
2000-04-20,0
2000-04-24,0
2000-04-25,0
2000-04-26,0
2000-04-27,0
2000-04-28,0
2000-05-01,0
2000-05-02,0
2000-05-03,0
2000-05-04,0
2000-05-05,0
2000-05-08,0
2000-05-09,0
2000-05-10,0
2000-05-11,0
2000-05-12,0
2000-05-15,0
2000-05-16,0
2000-05-17,0
2000-05-18,0
2000-05-19,0
2000-05-22,0
2000-05-23,0
2000-05-24,0
2000-05-25,0
2000-05-26,0
2000-05-30,0
2000-05-31,0
2000-06-01,0
2000-06-02,0
2000-06-05,0
2000-06-06,0
2000-06-07,0
2000-06-08,0
2000-06-09,0
2000-06-12,0
2000-06-13,0
2000-06-14,0
2000-06-15,0
2000-06-16,0
2000-06-19,0
2000-06-20,0
2000-06-21,0
2000-06-22,0
2000-06-23,0
2000-06-26,0
2000-06-27,0
2000-06-28,0
2000-06-29,0
2000-06-30,0
2000-07-03,0
2000-07-05,0
2000-07-06,0
2000-07-07,0
2000-07-10,0
2000-07-11,0
2000-07-12,0
2000-07-13,0
2000-07-14,0
2000-07-17,0
2000-07-18,0
2000-07-19,0
2000-07-20,0
2000-07-21,0
2000-07-24,0
2000-07-25,0
2000-07-26,0
2000-07-27,0
2000-07-28,0
2000-07-31,0
2000-08-01,0
2000-08-02,0
2000-08-03,0
2000-08-04,0
2000-08-07,0
2000-08-08,0
2000-08-09,0
2000-08-10,0
2000-08-11,0
2000-08-14,0
2000-08-15,0
2000-08-16,0
2000-08-17,0
2000-08-18,0
2000-08-21,0
2000-08-22,0
2000-08-23,0
2000-08-24,0
2000-08-25,0
2000-08-28,0
2000-08-29,0
2000-08-30,0
2000-08-31,0
2000-09-01,0
2000-09-05,0
2000-09-06,0
2000-09-07,0
2000-09-08,0
2000-09-11,0
2000-09-12,0
2000-09-13,0
2000-09-14,0
2000-09-15,0
2000-09-18,0
2000-09-19,0
2000-09-20,0
2000-09-21,0
2000-09-22,0
2000-09-25,0
2000-09-26,0
2000-09-27,0
2000-09-28,0
2000-09-29,0
2000-10-02,0
2000-10-03,0
2000-10-04,0
2000-10-05,0
2000-10-06,0
2000-10-09,0
2000-10-10,0
2000-10-11,0
2000-10-12,0
2000-10-13,0
2000-10-16,0
2000-10-17,0
2000-10-18,0
2000-10-19,0
2000-10-20,0
2000-10-23,0
2000-10-24,0
2000-10-25,0
2000-10-26,0
2000-10-27,0
2000-10-30,0
2000-10-31,0
2000-11-01,0
2000-11-02,0
2000-11-03,0
2000-11-06,0
2000-11-07,0
2000-11-08,0
2000-11-09,0
2000-11-10,0
2000-11-13,0
2000-11-14,0
2000-11-15,0
2000-11-16,0
2000-11-17,0
2000-11-20,0
2000-11-21,0
2000-11-22,0
2000-11-24,0
2000-11-27,0
2000-11-28,0
2000-11-29,0
2000-11-30,0
2000-12-01,0
2000-12-04,0
2000-12-05,0
2000-12-06,0
2000-12-07,0
2000-12-08,0
2000-12-11,0
2000-12-12,0
2000-12-13,0
2000-12-14,0
2000-12-15,0
2000-12-18,0
2000-12-19,0
2000-12-20,0
2000-12-21,0
2000-12-22,0
2000-12-26,0
2000-12-27,0
2000-12-28,0
2000-12-29,0
2001-01-02,0
2001-01-03,0
2001-01-04,0
2001-01-05,0
2001-01-08,0
2001-01-09,0
2001-01-10,0
2001-01-11,0
2001-01-12,0
2001-01-16,0
2001-01-17,0
2001-01-18,0
2001-01-19,0
2001-01-22,0
2001-01-23,0
2001-01-24,0
2001-01-25,0
2001-01-26,0
2001-01-29,0
2001-01-30,0
2001-01-31,0
2001-02-01,0
2001-02-02,0
2001-02-05,0
2001-02-06,0
2001-02-07,0
2001-02-08,0
2001-02-09,0
2001-02-12,0
2001-02-13,0
2001-02-14,0
2001-02-15,0
2001-02-16,0
2001-02-20,0
2001-02-21,0
2001-02-22,0
2001-02-23,0
2001-02-26,0
2001-02-27,0
2001-02-28,0
2001-03-01,0
2001-03-02,0
2001-03-05,0
2001-03-06,0
2001-03-07,0
2001-03-08,0
2001-03-09,0
2001-03-12,0
2001-03-13,0
2001-03-14,0
2001-03-15,0
2001-03-16,0
2001-03-19,0
2001-03-20,0
2001-03-21,0
2001-03-22,0
2001-03-23,0
2001-03-26,0
2001-03-27,0
2001-03-28,0
2001-03-29,0
2001-03-30,0
2001-04-02,0
2001-04-03,0
2001-04-04,0
2001-04-05,0
2001-04-06,0
2001-04-09,0
2001-04-10,0
2001-04-11,0
2001-04-12,0
2001-04-16,0
2001-04-17,0
2001-04-18,0
2001-04-19,0
2001-04-20,0
2001-04-23,0
2001-04-24,0
2001-04-25,0
2001-04-26,0
2001-04-27,0
2001-04-30,0
2001-05-01,0
2001-05-02,0
2001-05-03,0
2001-05-04,0
2001-05-07,0
2001-05-08,0
2001-05-09,0
2001-05-10,0
2001-05-11,0
2001-05-14,0
2001-05-15,0
2001-05-16,0
2001-05-17,0
2001-05-18,0
2001-05-21,0
2001-05-22,0
2001-05-23,0
2001-05-24,0
2001-05-25,0
2001-05-29,0
2001-05-30,0
2001-05-31,0
2001-06-01,0
2001-06-04,0
2001-06-05,0
2001-06-06,0
2001-06-07,0
2001-06-08,0
2001-06-11,0
2001-06-12,0
2001-06-13,0
2001-06-14,0
2001-06-15,0
2001-06-18,0
2001-06-19,0
2001-06-20,0
2001-06-21,0
2001-06-22,0
2001-06-25,0
2001-06-26,0
2001-06-27,0
2001-06-28,1e-04
2001-06-29,-0.00014
2001-07-02,0.00031
2001-07-03,-3e-05
2001-07-05,-0.00031
2001-07-06,-0.00057
2001-07-09,0.00033
2001-07-10,-0.00076
2001-07-11,0.00068
2001-07-12,0.00089
2001-07-13,0.00023
2001-07-16,-0.00043
2001-07-17,0.00056
2001-07-18,-0.0021
2001-07-19,-0.000399999999999999
2001-07-20,1e-05
2001-07-23,-0.000220000000000001
2001-07-24,-0.000220000000000001
2001-07-25,-0.000299999999999999
2001-07-26,5.99999999999989e-05
2001-07-27,0.000180000000000002
2001-07-30,-1e-05
2001-07-31,-7.00000000000011e-05
2001-08-01,0.00013
2001-08-02,0.00037
2001-08-03,-0.00016
2001-08-06,-0.000179999999999999
2001-08-07,5.99999999999989e-05
2001-08-08,-0.00017
2001-08-09,7e-05
2001-08-10,-1e-05
2001-08-13,2.99999999999989e-05
2001-08-14,-0.000169999999999999
2001-08-15,-0.000139999999999999
2001-08-16,9.99999999999989e-05
2001-08-17,-0.000280000000000001
2001-08-20,2.00000000000011e-05
2001-08-21,-9.99999999999989e-05
2001-08-22,0.000149999999999999
2001-08-23,-2e-04
2001-08-24,0.000369999999999999
2001-08-27,0.00017
2001-08-28,-0.00025
2001-08-29,-0.000279999999999999
2001-08-30,0
2001-08-31,0.00035
2001-09-04,-0.000150000000000001
2001-09-05,0.000150000000000001
2001-09-06,-0.000400000000000001
2001-09-07,-0.000219999999999999
2001-09-10,0
2001-09-17,0
2001-09-18,0
2001-09-19,0
2001-09-20,0
2001-09-21,0
2001-09-24,0
2001-09-25,0
2001-09-26,0
2001-09-27,0
2001-09-28,0
2001-10-01,0
2001-10-02,0
2001-10-03,0
2001-10-04,0
2001-10-05,0
2001-10-08,0
2001-10-09,0
2001-10-10,0
2001-10-11,0
2001-10-12,0
2001-10-15,0
2001-10-16,0
2001-10-17,0
2001-10-18,0
2001-10-19,0
2001-10-22,0
2001-10-23,0
2001-10-24,0
2001-10-25,0
2001-10-26,0
2001-10-29,0
2001-10-30,0
2001-10-31,0
2001-11-01,0
2001-11-02,0
2001-11-05,0
2001-11-06,0
2001-11-07,0
2001-11-08,0
2001-11-09,0
2001-11-12,0
2001-11-13,0
2001-11-14,0
2001-11-15,0
2001-11-16,0
2001-11-19,0
2001-11-20,0
2001-11-21,0
2001-11-23,0
2001-11-26,0
2001-11-27,0
2001-11-28,0
2001-11-29,0
2001-11-30,0
2001-12-03,0
2001-12-04,0
2001-12-05,0
2001-12-06,0
2001-12-07,0
2001-12-10,0
2001-12-11,0
2001-12-12,0
2001-12-13,0
2001-12-14,0
2001-12-17,0
2001-12-18,0
2001-12-19,0
2001-12-20,0
2001-12-21,0
2001-12-24,0
2001-12-26,0
2001-12-27,0
2001-12-28,0
2001-12-31,0
2002-01-02,0
2002-01-03,0
2002-01-04,0
2002-01-07,0
2002-01-08,-0.00015
2002-01-09,-0.00046
2002-01-10,-0.00021
2002-01-11,-8e-05
2002-01-14,4e-05
2002-01-15,0.00027
2002-01-16,-0.00045
2002-01-17,0.00083
2002-01-18,-0.00015
2002-01-22,-0.00017
2002-01-23,0.00058
2002-01-24,1e-04
2002-01-25,2e-05
2002-01-28,1e-05
2002-01-29,-1e-04
2002-01-30,0.00049
2002-01-31,0.00031
2002-02-01,-0.00015
2002-02-04,0.00046
2002-02-05,5e-05
2002-02-06,-0.00038
2002-02-07,-0.00018
2002-02-08,-0.00013
2002-02-11,0.00046
2002-02-12,-0.00013
2002-02-13,0.00014
2002-02-14,-2e-04
2002-02-15,-0.00034
2002-02-19,-0.00062
2002-02-20,0.00025
2002-02-21,-8e-04
2002-02-22,0.00061
2002-02-25,0.00052
2002-02-26,-7e-05
2002-02-27,-0.00083
2002-02-28,-0.00013
2002-03-01,0.00085
2002-03-04,0.00041
2002-03-05,-0.00037
2002-03-06,0.00026
2002-03-07,0.00016
2002-03-08,0.00013
2002-03-11,2e-04
2002-03-12,-0.00017
2002-03-13,-0.00011
2002-03-14,-3e-05
2002-03-15,0.00025
2002-03-18,-1e-04
2002-03-19,5e-05
2002-03-20,4e-05
2002-03-21,-0.00032
2002-03-22,-9e-05
2002-03-25,-0.00036
2002-03-26,6e-05
2002-03-27,0
2002-03-28,1e-04
2002-04-01,0.00038
2002-04-02,-0.00019
2002-04-03,-0.00015
2002-04-04,0.00056
2002-04-05,-8e-05
2002-04-08,-9e-05
2002-04-09,-0.00022
2002-04-10,0.00027
2002-04-11,1e-04
2002-04-12,1e-04
2002-04-15,-3e-05
2002-04-16,0.00036
2002-04-17,0.00018
2002-04-18,-0.00034
2002-04-19,-0.00021
2002-04-22,-0.00022
2002-04-23,-0.00014
2002-04-24,-0.00023
2002-04-25,0.00017
2002-04-26,-0.00054
2002-04-29,0.00046
2002-04-30,0.00015
2002-05-01,-0.00014
2002-05-02,-0.00014
2002-05-03,-9e-05
2002-05-06,-0.00042
2002-05-07,-8e-05
2002-05-08,0.00092
2002-05-09,-9e-05
2002-05-10,-0.00042
2002-05-13,3e-04
2002-05-14,0.00081
2002-05-15,-0.00016
2002-05-16,-3e-05
2002-05-17,-1e-04
2002-05-20,-0.00013
2002-05-21,-0.00062
2002-05-22,0.00042
2002-05-23,0.00041
2002-05-24,-5e-04
2002-05-28,-8e-05
2002-05-29,0
2002-05-30,0.00011
2002-05-31,-0.00044
2002-06-03,-0.00019
2002-06-04,-6e-05
2002-06-05,-3e-05
2002-06-06,-0.00027
2002-06-07,-0.00037
2002-06-10,4e-05
2002-06-11,-0.000500000000000001
2002-06-12,-0.000179999999999999
2002-06-13,-0.00027
2002-06-14,0.00027
2002-06-17,0.00022
2002-06-18,-0.000189999999999999
2002-06-19,-0.00147
2002-06-20,-1e-05
2002-06-21,-0.00013
2002-06-24,0.00021
2002-06-25,-7e-05
2002-06-26,-0.000279999999999999
2002-06-27,0.00025
2002-06-28,0.000319999999999998
2002-07-01,-0.000319999999999998
2002-07-02,-6.00000000000011e-05
2002-07-03,0.000289999999999999
2002-07-05,0.000580000000000001
2002-07-08,-0.00035
2002-07-09,-0.00024
2002-07-10,-1e-04
2002-07-11,0
2002-07-12,0
2002-07-15,0
2002-07-16,0
2002-07-17,0
2002-07-18,0
2002-07-19,0
2002-07-22,0
2002-07-23,0
2002-07-24,0
2002-07-25,0
2002-07-26,0
2002-07-29,0
2002-07-30,0
2002-07-31,0
2002-08-01,0
2002-08-02,0
2002-08-05,0
2002-08-06,0
2002-08-07,0
2002-08-08,0
2002-08-09,0
2002-08-12,0
2002-08-13,0
2002-08-14,0
2002-08-15,0
2002-08-16,0
2002-08-19,0
2002-08-20,0
2002-08-21,0
2002-08-22,0
2002-08-23,0
2002-08-26,0
2002-08-27,0
2002-08-28,0
2002-08-29,0
2002-08-30,0
2002-09-03,0
2002-09-04,0
2002-09-05,0
2002-09-06,0
2002-09-09,0
2002-09-10,0
2002-09-11,0
2002-09-12,0
2002-09-13,0
2002-09-16,0
2002-09-17,0
2002-09-18,0
2002-09-19,0
2002-09-20,0
2002-09-23,0
2002-09-24,0
2002-09-25,0
2002-09-26,0
2002-09-27,0
2002-09-30,0
2002-10-01,0
2002-10-02,0
2002-10-03,0
2002-10-04,0
2002-10-07,0
2002-10-08,0
2002-10-09,0
2002-10-10,0
2002-10-11,0
2002-10-14,0
2002-10-15,0
2002-10-16,0
2002-10-17,0
2002-10-18,0
2002-10-21,0
2002-10-22,0
2002-10-23,0
2002-10-24,0
2002-10-25,0
2002-10-28,0
2002-10-29,0
2002-10-30,0
2002-10-31,0
2002-11-01,0
2002-11-04,0
2002-11-05,0
2002-11-06,0
2002-11-07,0
2002-11-08,0
2002-11-11,0
2002-11-12,0
2002-11-13,0
2002-11-14,0
2002-11-15,0
2002-11-18,0
2002-11-19,0
2002-11-20,0
2002-11-21,0
2002-11-22,0
2002-11-25,0
2002-11-26,0
2002-11-27,0
2002-11-29,0
2002-12-02,0
2002-12-03,0
2002-12-04,0
2002-12-05,0
2002-12-06,0
2002-12-09,0
2002-12-10,0
2002-12-11,0
2002-12-12,0
2002-12-13,0
2002-12-16,0
2002-12-17,0
2002-12-18,0
2002-12-19,0
2002-12-20,0
2002-12-23,0
2002-12-24,0
2002-12-26,0
2002-12-27,0
2002-12-30,0
2002-12-31,0
2003-01-02,0
2003-01-03,0
2003-01-06,0
2003-01-07,0
2003-01-08,0
2003-01-09,0
2003-01-10,0
2003-01-13,0
2003-01-14,0
2003-01-15,0
2003-01-16,0
2003-01-17,0
2003-01-21,0
2003-01-22,0
2003-01-23,0
2003-01-24,0
2003-01-27,0
2003-01-28,0
2003-01-29,0
2003-01-30,0
2003-01-31,0
2003-02-03,0
2003-02-04,0
2003-02-05,0
2003-02-06,0
2003-02-07,0
2003-02-10,0
2003-02-11,0
2003-02-12,0
2003-02-13,0
2003-02-14,0
2003-02-18,0
2003-02-19,0
2003-02-20,0
2003-02-21,0
2003-02-24,0
2003-02-25,0
2003-02-26,0
2003-02-27,0
2003-02-28,0
2003-03-03,0
2003-03-04,0
2003-03-05,0
2003-03-06,0
2003-03-07,0
2003-03-10,0
2003-03-11,0
2003-03-12,0
2003-03-13,0
2003-03-14,0
2003-03-17,0
2003-03-18,0
2003-03-19,0
2003-03-20,0
2003-03-21,0
2003-03-24,0
2003-03-25,0
2003-03-26,0
2003-03-27,0
2003-03-28,0
2003-03-31,0
2003-04-01,0
2003-04-02,0
2003-04-03,0
2003-04-04,0
2003-04-07,0
2003-04-08,0
2003-04-09,0
2003-04-10,0
2003-04-11,0
2003-04-14,0
2003-04-15,0
2003-04-16,0
2003-04-17,0
2003-04-21,0
2003-04-22,0
2003-04-23,0
2003-04-24,0
2003-04-25,0
2003-04-28,0
2003-04-29,0
2003-04-30,0
2003-05-01,0
2003-05-02,0
2003-05-05,0
2003-05-06,0
2003-05-07,0
2003-05-08,0
2003-05-09,0
2003-05-12,0
2003-05-13,0
2003-05-14,0
2003-05-15,0
2003-05-16,0
2003-05-19,-0.000339999999999999
2003-05-20,-0.000150000000000001
2003-05-21,3e-05
2003-05-22,0.000189999999999999
2003-05-23,4.00000000000011e-05
2003-05-27,0.00027
2003-05-28,-0.00029
2003-05-29,-8.99999999999989e-05
2003-05-30,-7.00000000000011e-05
2003-06-02,-0.00024
2003-06-03,-7e-05
2003-06-04,0.00014
2003-06-05,2e-05
2003-06-06,-0.00024
2003-06-09,-0.00018
2003-06-10,0.00019
2003-06-11,0.00014
2003-06-12,0.00015
2003-06-13,-0.000169999999999999
2003-06-16,0.00041
2003-06-17,-3.00000000000011e-05
2003-06-18,0.000450000000000001
2003-06-19,9.99999999999886e-06
2003-06-20,3e-05
2003-06-23,-7e-05
2003-06-24,-0.000139999999999999
2003-06-25,0.000149999999999998
2003-06-26,0.000100000000000002
2003-06-27,-0.000270000000000001
2003-06-30,0.00016
2003-07-01,9.99999999999886e-06
2003-07-02,9e-05
2003-07-03,-6.99999999999977e-05
2003-07-07,0.000359999999999999
2003-07-08,0.00026
2003-07-09,-0.00025
2003-07-10,-0.00015
2003-07-11,0.00013
2003-07-14,3e-05
2003-07-15,-0.000140000000000001
2003-07-16,0.000120000000000001
2003-07-17,5e-04
2003-07-18,-2e-05
2003-07-21,-0.00012
2003-07-22,9e-05
2003-07-23,0
2003-07-24,-0.000139999999999999
2003-07-25,0.000499999999999999
2003-07-28,-0.000259999999999999
2003-07-29,-0.000130000000000001
2003-07-30,-0.00022
2003-07-31,0.00039
2003-08-01,-0.00017
2003-08-04,0.00023
2003-08-05,-4e-04
2003-08-06,-0.000359999999999999
2003-08-07,0.000139999999999999
2003-08-08,-0.000139999999999999
2003-08-11,9.99999999999886e-06
2003-08-12,2e-05
2003-08-13,0.00023
2003-08-14,-9.99999999999989e-05
2003-08-15,-0.000130000000000001
2003-08-18,0.00031
2003-08-19,-9.99999999999886e-06
2003-08-20,0.00034
2003-08-21,0.000319999999999999
2003-08-22,-0.00039
2003-08-25,-1e-05
2003-08-26,1e-04
2003-08-27,0.00021
2003-08-28,0.00034
2003-08-29,2e-04
2003-09-02,0.00012
2003-09-03,5e-05
2003-09-04,-6e-05
2003-09-05,-0.00016
2003-09-08,0.00012
2003-09-09,-0.00018
2003-09-10,-9e-05
2003-09-11,0.00018
2003-09-12,0.00026
2003-09-15,-0.00043
2003-09-16,7e-05
2003-09-17,-0.00011
2003-09-18,0.00037
2003-09-19,-0.00015
2003-09-22,-0.00024
2003-09-23,0.00017
2003-09-24,-0.00054
2003-09-25,-0.00044
2003-09-26,0.00013
2003-09-29,3e-04
2003-09-30,-0.00028
2003-10-01,3e-05
2003-10-02,-0.00011
2003-10-03,0.00055
2003-10-06,0.00029
2003-10-07,0.00045
2003-10-08,-8e-05
2003-10-09,0.00019
2003-10-10,0.00012
2003-10-13,0.00032
2003-10-14,1e-04
2003-10-15,0.00013
2003-10-16,-0.00076
2003-10-17,-0.00025
2003-10-20,0.00023
2003-10-21,-2e-05
2003-10-22,-2e-04
2003-10-23,0.00011
2003-10-24,-0.00019
2003-10-27,0
2003-10-28,0.00054
2003-10-29,-1e-05
2003-10-30,-0.00029
2003-10-31,-1e-04
2003-11-03,0.00013
2003-11-04,-0.00012
2003-11-05,6e-05
2003-11-06,4e-05
2003-11-07,-3e-04
2003-11-10,-0.00029
2003-11-11,-0.00018
2003-11-12,0.00039
2003-11-13,4e-05
2003-11-14,-0.00046
2003-11-17,-0.00016
2003-11-18,-0.00036
2003-11-19,1e-05
2003-11-20,-2e-05
2003-11-21,-5e-05
2003-11-24,0.00042
2003-11-25,-0.00022
2003-11-26,2e-05
2003-11-28,9e-05
2003-12-01,0.00039
2003-12-02,-9e-05
2003-12-03,-0.00024
2003-12-04,5e-05
2003-12-05,-0.00014
2003-12-08,1e-04
2003-12-09,-3e-04
2003-12-10,-3e-05
2003-12-11,4e-04
2003-12-12,-0.00015
2003-12-15,-0.00035
2003-12-16,-3.00000000000011e-05
2003-12-17,-0.000109999999999999
2003-12-18,7e-05
2003-12-19,-0.00016
2003-12-22,7e-05
2003-12-23,-1.99999999999989e-05
2003-12-24,0.000289999999999999
2003-12-26,0.00018
2003-12-29,0.00018
2003-12-30,7e-05
2003-12-31,4e-05
2004-01-02,-4e-05
2004-01-05,0.00043
2004-01-06,-4e-05
2004-01-07,0.00024
2004-01-08,0.00038
2004-01-09,-0.00018
2004-01-12,0.00036
2004-01-13,0.00019
2004-01-14,4e-05
2004-01-15,-0.00066
2004-01-16,-6e-05
2004-01-20,0
2004-01-21,-6e-05
2004-01-22,-2e-04
2004-01-23,0.00018
2004-01-26,0.00022
2004-01-27,3e-05
2004-01-28,-0.00027
2004-01-29,8e-05
2004-01-30,-6e-05
2004-02-02,-0.00012
2004-02-03,-3e-05
2004-02-04,-0.00022
2004-02-05,3e-04
2004-02-06,0.00014
2004-02-09,-2e-05
2004-02-10,0.00015
2004-02-11,4e-04
2004-02-12,-3e-05
2004-02-13,-0.00036
2004-02-17,8e-05
2004-02-18,5e-05
2004-02-19,-0.00038
2004-02-20,-4e-05
2004-02-23,-1e-04
2004-02-24,8e-05
2004-02-25,0.00022
2004-02-26,0.00011
2004-02-27,0.00043
2004-03-01,5e-05
2004-03-02,-1e-04
2004-03-03,5e-05
2004-03-04,6e-04
2004-03-05,0.00077
2004-03-08,-0.00036
2004-03-09,0.00054
2004-03-10,0.00028
2004-03-11,-0.00026
2004-03-12,2e-04
2004-03-15,-0.00054
2004-03-16,-3e-04
2004-03-17,0.00018
2004-03-18,-0.00026
2004-03-19,1e-04
2004-03-22,0
2004-03-23,-0.00028
2004-03-24,1e-04
2004-03-25,0.00067
2004-03-26,8e-05
2004-03-29,0.00042
2004-03-30,1e-05
2004-03-31,-0.00043
2004-04-01,3e-05
2004-04-02,0.00019
2004-04-05,4e-04
2004-04-06,-0.00024
2004-04-07,-0.00025
2004-04-08,0.00011
2004-04-12,0.00025
2004-04-13,-0.00054
2004-04-14,-0.00015
2004-04-15,0.0013
2004-04-16,-6e-05
2004-04-19,-4e-04
2004-04-20,-0.00031
2004-04-21,0
2004-04-22,3e-05
2004-04-23,-4e-05
2004-04-26,-0.00028
2004-04-27,-9e-05
2004-04-28,-0.00024
2004-04-29,0.00016
2004-04-30,-0.00048
2004-05-03,0.00014
2004-05-04,3e-05
2004-05-05,0.00025
2004-05-06,-3e-05
2004-05-07,4e-05
2004-05-10,-0.00019
2004-05-11,0.00042
2004-05-12,8e-05
2004-05-13,-6e-05
2004-05-14,-6e-05
2004-05-17,-0.00021
2004-05-18,0.00021
2004-05-19,-0.00029
2004-05-20,0.00012
2004-05-21,0.00019
2004-05-24,0.00011
2004-05-25,0.00053
2004-05-26,4e-05
2004-05-27,-0.00016
2004-05-28,-6e-05
2004-06-01,0
2004-06-02,0.00042
2004-06-03,-0.00025
2004-06-04,0.00019
2004-06-07,5e-04
2004-06-08,0.00026
2004-06-09,-7e-05
2004-06-10,0.00026
2004-06-14,-3e-04
2004-06-15,0.00027
2004-06-16,0.001
2004-06-17,3e-05
2004-06-18,5e-05
2004-06-21,-0.00028
2004-06-22,0.00033
2004-06-23,0.00034
2004-06-24,-0.00026
2004-06-25,0.00026
2004-06-28,-0.000589999999999998
2004-06-29,-2.27373675443232e-18
2004-06-30,2e-05
2004-07-01,-0.00011
2004-07-02,-6e-04
2004-07-06,-6e-05
2004-07-07,-0.00027
2004-07-08,-0.00012
2004-07-09,-6e-05
2004-07-12,-0.00043
2004-07-13,4e-05
2004-07-14,0.00017
2004-07-15,0.00163
2004-07-16,-0.000350000000000002
2004-07-19,-0.00011
2004-07-20,0.00011
2004-07-21,-0.00028
2004-07-22,3e-05
2004-07-23,-0.00048
2004-07-26,0.00027
2004-07-27,0.00057
2004-07-28,-8e-05
2004-07-29,0.00018
2004-07-30,-0.00014
2004-08-02,-0.00037
2004-08-03,-0.00014
2004-08-04,0.00024
2004-08-05,-2e-04
2004-08-06,-0.00078
2004-08-09,0.00025
2004-08-10,6e-04
2004-08-11,-0.00025
2004-08-12,-0.00031
2004-08-13,0.00023
2004-08-16,-3e-05
2004-08-17,4e-05
2004-08-18,0.00042
2004-08-19,-5e-04
2004-08-20,5e-05
2004-08-23,0.00013
2004-08-24,0.00043
2004-08-25,0.00053
2004-08-26,0.000780000000000002
2004-08-27,-0.000150000000000002
2004-08-30,-0.00011
2004-08-31,0.00018
2004-09-01,0.000670000000000002
2004-09-02,-0.000100000000000002
2004-09-03,-0.00021
2004-09-07,0.00026
2004-09-08,0.00029
2004-09-09,-0.00032
2004-09-10,8.00000000000023e-05
2004-09-13,-0.000130000000000005
2004-09-14,-4.99999999999955e-05
2004-09-15,-0.000140000000000002
2004-09-16,0.00056
2004-09-17,0.000379999999999998
2004-09-20,0.000280000000000002
2004-09-21,0.00014
2004-09-22,-0.00053
2004-09-23,0.00017
2004-09-24,1e-05
2004-09-27,0.00012
2004-09-28,0.00025
2004-09-29,0.000309999999999998
2004-09-30,3.00000000000023e-05
2004-10-01,-4e-05
2004-10-04,6e-05
2004-10-05,0.00028
2004-10-06,0.000620000000000002
2004-10-07,-0.000490000000000002
2004-10-08,-0.000280000000000002
2004-10-11,-0.000219999999999998
2004-10-12,-0.00015
2004-10-13,0.000709999999999998
2004-10-14,0.00254
2004-10-15,0.00026
2004-10-18,0.00109
2004-10-19,-0.00016
2004-10-20,2e-05
2004-10-21,0.00023
2004-10-22,-0.00026
2004-10-25,7e-05
2004-10-26,0.00021
2004-10-27,0.00113
2004-10-28,0.00092
2004-10-29,1e-04
2004-11-01,3e-05
2004-11-02,0.00051
2004-11-03,0.00088
2004-11-04,-0.00042
2004-11-05,0.00013
2004-11-08,-0.00017
2004-11-09,-0.00016
2004-11-10,0.00034
2004-11-11,0.00027
2004-11-12,1e-04
2004-11-15,-0.00013
2004-11-16,-0.00014
2004-11-17,-2e-05
2004-11-18,0.00023
2004-11-19,-1e-04
2004-11-22,0.003
2004-11-23,-4e-05
2004-11-24,0.00136
2004-11-26,0.00024
2004-11-29,0.00189
2004-11-30,-0.00068
2004-12-01,0.00036
2004-12-02,-0.00125
2004-12-03,-0.00123
2004-12-06,0.00151
2004-12-07,-0.00141
2004-12-08,0.00019
2004-12-09,0.00035
2004-12-10,0.00056
2004-12-13,-0.00012
2004-12-14,0.00019
2004-12-15,-2e-05
2004-12-16,0.00066
2004-12-17,-0.000789999999999995
2004-12-20,-0.0011
2004-12-21,0.00047
2004-12-22,3e-05
2004-12-23,0.00013
2004-12-27,-0.00042
2004-12-28,5e-04
2004-12-29,0.00013
2004-12-30,0.00017
2004-12-31,-0.00019
2005-01-03,-0.00054
2005-01-04,0.00031
2005-01-05,0.00027
2005-01-06,3e-05
2005-01-07,0.00228
2005-01-10,-0.00014
2005-01-11,-0.00214
2005-01-12,0.00044
2005-01-13,0.00211
2005-01-14,2e-04
2005-01-18,0.00022
2005-01-19,-0.000380000000000005
2005-01-20,0.000280000000000005
2005-01-21,2e-05
2005-01-24,0.000129999999999995
2005-01-25,0.000630000000000005
2005-01-26,9.00000000000045e-05
2005-01-27,0.000189999999999995
2005-01-28,0.00065
2005-01-31,0.00142
2005-02-01,0.000310000000000005
2005-02-02,0.00102
2005-02-03,-0.000879999999999995
2005-02-04,5e-04
2005-02-07,4.99999999999955e-05
2005-02-08,0.000950000000000005
2005-02-09,-0.00105
2005-02-10,-0.00019
2005-02-11,0.00139
2005-02-14,0.00166
2005-02-15,0.00184
2005-02-16,0.00084
2005-02-17,-0.00113
2005-02-18,-0.00049
2005-02-22,-0.00074
2005-02-23,0.00143
2005-02-24,0.00034
2005-02-25,3e-05
2005-02-28,0.00036
2005-03-01,-0.00035
2005-03-02,-0.00037
2005-03-03,-0.00227
2005-03-04,0.00099
2005-03-07,-5e-05
2005-03-08,-0.00216
2005-03-09,-0.00115
2005-03-10,0.000469999999999995
2005-03-11,0.000419999999999995
2005-03-14,5.00000000000045e-05
2005-03-15,0.000630000000000005
2005-03-16,0.000209999999999991
2005-03-17,0.00104
2005-03-18,0.00069
2005-03-21,0.00072
2005-03-22,-0.00085
2005-03-23,-0.00027
2005-03-24,-5e-05
2005-03-28,3e-05
2005-03-29,-0.00076
2005-03-30,0.00103
2005-03-31,-0.0011
2005-04-01,-0.000759999999999995
2005-04-04,0.000189999999999995
2005-04-05,0.00078
2005-04-06,0.00043
2005-04-07,0.00119
2005-04-08,0.00018
2005-04-11,-0.00177
2005-04-12,0.000719999999999995
2005-04-13,-0.00158
2005-04-14,-0.00367
2005-04-15,-0.00186
2005-04-18,0.000259999999999995
2005-04-19,0.00143
2005-04-20,-0.00153
2005-04-21,0.00162
2005-04-22,-0.00163
2005-04-25,0.00144
2005-04-26,-0.000769999999999995
2005-04-27,-0.000240000000000005
2005-04-28,-4e-04
2005-04-29,0.00051
2005-05-02,0.00036
2005-05-03,-0.00021
2005-05-04,0.000910000000000005
2005-05-05,-0.000460000000000005
2005-05-06,0.00055
2005-05-09,-0.00026
2005-05-10,-0.00054
2005-05-11,-0.000789999999999995
2005-05-12,-0.00144
2005-05-13,0.00063
2005-05-16,0.00075
2005-05-17,-0.00018
2005-05-18,0.00047
2005-05-19,0.00166
2005-05-20,0
2005-05-23,0.00215
2005-05-24,-6e-05
2005-05-25,8e-05
2005-05-26,0.000929999999999996
2005-05-27,-0.000169999999999991
2005-05-31,-0.000780000000000005
2005-06-01,0.00052
2005-06-02,-0.00025
2005-06-03,-0.00175
2005-06-06,-0.000309999999999995
2005-06-07,-0.00134
2005-06-08,0.000369999999999995
2005-06-09,0.00071
2005-06-10,-0.00179
2005-06-13,7.99999999999955e-05
2005-06-14,0.000100000000000005
2005-06-15,0.0011
2005-06-16,0.00083
2005-06-17,0.00032
2005-06-20,-0.00068
2005-06-21,0.00024
2005-06-22,0.00067
2005-06-23,0.00033
2005-06-24,-0.0011
2005-06-27,-0.00064
2005-06-28,0.00021
2005-06-29,-0.000920000000000005
2005-06-30,0.00043
2005-07-01,-0.000299999999999995
2005-07-05,0.00144
2005-07-06,-0.00058
2005-07-07,0.00024
2005-07-08,0.000600000000000005
2005-07-11,-0.000150000000000009
2005-07-12,0.000140000000000005
2005-07-13,0.000109999999999995
2005-07-14,0.00233000000000001
2005-07-15,0.000779999999999991
2005-07-18,-5.99999999999955e-05
2005-07-19,0.00165
2005-07-20,0.00043
2005-07-21,-0.00033
2005-07-22,0.00069
2005-07-25,-0.00018
2005-07-26,-0.00018
2005-07-27,0.00035
2005-07-28,-0.00018
2005-07-29,-0.00112
2005-08-01,1e-04
2005-08-02,0.00042
2005-08-03,3e-05
2005-08-04,-0.00049
2005-08-05,0.00027
2005-08-08,-0.00033
2005-08-09,0.00114
2005-08-10,-0.00043
2005-08-11,6e-04
2005-08-12,0.00204
2005-08-15,0.00154
2005-08-16,-0.00139
2005-08-17,0.00088
2005-08-18,-0.00083
2005-08-19,-0.00046
2005-08-22,4e-05
2005-08-23,-0.00013
2005-08-24,3e-05
2005-08-25,0.00029
2005-08-26,-0.00032
2005-08-29,1e-04
2005-08-30,0.00071
2005-08-31,0.00031
2005-09-01,-0.00061
2005-09-02,-4e-05
2005-09-06,0.00251
2005-09-07,-0.00012
2005-09-08,0.00107
2005-09-09,0.00149
2005-09-12,9e-05
2005-09-13,-0.00056
2005-09-14,-0.00118
2005-09-15,0.00025
2005-09-16,0.0013
2005-09-19,0.0014
2005-09-20,0.00053
2005-09-21,-0.00105
2005-09-22,-2e-04
2005-09-23,0.00126
2005-09-26,0.00062
2005-09-27,-0.00039
2005-09-28,-0.00229
2005-09-29,0.00122
2005-09-30,0.00124
2005-10-03,0.00081
2005-10-04,-0.00068
2005-10-05,-0.00094
2005-10-06,-0.00105
2005-10-07,-0.00039
2005-10-10,-9e-04
2005-10-11,0.00118
2005-10-12,-0.00227
2005-10-13,0.00437
2005-10-14,0.00025
2005-10-17,-0.00055
2005-10-18,-0.00119
2005-10-19,0.00265
2005-10-20,0.00117
2005-10-21,-0.00047
2005-10-24,0.0011
2005-10-25,-0.00067
2005-10-26,9e-04
2005-10-27,-0.00157
2005-10-28,-0.00092
2005-10-31,0.00304
2005-11-01,-9e-05
2005-11-02,0.00238
2005-11-03,0.00185
2005-11-04,-0.00068
2005-11-07,-0.00089
2005-11-08,-0.00032
2005-11-09,2e-04
2005-11-10,0.00104
2005-11-11,0.00035
2005-11-14,-9e-05
2005-11-15,0.00081
2005-11-16,0.0026
2005-11-17,-0.00042
2005-11-18,4e-05
2005-11-21,0.00039
2005-11-22,0.00151
2005-11-23,0.00058
2005-11-25,0.00217
2005-11-28,0.00031
2005-11-29,-0.00152
2005-11-30,-0.000270000000000009
2005-12-01,0.00367000000000001
2005-12-02,0.00101
2005-12-05,-0.000790000000000009
2005-12-06,0.00217000000000001
2005-12-07,-1e-04
2005-12-08,0.00013
2005-12-09,0.000240000000000009
2005-12-12,0.000559999999999982
2005-12-13,7.00000000000091e-05
2005-12-14,-0.00289
2005-12-15,0.00017
2005-12-16,-0.00104
2005-12-19,0.00026
2005-12-20,0.00071
2005-12-21,0.00135
2005-12-22,0.000509999999999991
2005-12-23,-0.000649999999999991
2005-12-27,0.00085
2005-12-28,-0.00064
2005-12-29,-0.00206000000000001
2005-12-30,0.000430000000000009
2006-01-03,0.00278
2006-01-04,0.00021
2006-01-05,-0.00057
2006-01-06,0.00186999999999999
2006-01-09,-0.00025
2006-01-10,0.00468000000000001
2006-01-11,0.00295999999999999
2006-01-12,0.000380000000000009
2006-01-13,0.00126
2006-01-17,-0.00086
2006-01-18,-0.00215
2006-01-19,-0.00336
2006-01-20,-0.00287
2006-01-23,0.00154000000000001
2006-01-24,-0.00159000000000001
2006-01-25,-0.00179
2006-01-26,-0.00182
2006-01-27,-0.00029
2006-01-30,0.00289
2006-01-31,5e-04
2006-02-01,-9.00000000000091e-05
2006-02-02,-0.00322999999999999
2006-02-03,-0.00024
2006-02-06,-0.00443
2006-02-07,0.000289999999999991
2006-02-08,0.00118000000000001
2006-02-09,-0.00375
2006-02-10,0.00228999999999999
2006-02-13,-0.00252999999999999
2006-02-14,0.00285
2006-02-15,0.00153999999999999
2006-02-16,0.00131000000000001
2006-02-17,-0.00027
2006-02-21,-0.00117999999999999
2006-02-22,0.00217999999999999
2006-02-23,0.00042
2006-02-24,-0.00028
2006-02-27,-0.000459999999999991
2006-02-28,-0.00243000000000001
2006-03-01,0.00059
2006-03-02,5e-04
2006-03-03,-0.00184
2006-03-06,-0.00218
2006-03-07,0.000809999999999991
2006-03-08,-0.000629999999999991
2006-03-09,-0.00168
2006-03-10,-0.00072
2006-03-13,0.00242
2006-03-14,0.00159
2006-03-15,-0.00106
2006-03-16,-0.00187
2006-03-17,0.00035
2006-03-20,-0.00066
2006-03-21,-0.00212
2006-03-22,-0.00013
2006-03-23,-0.00147
2006-03-24,-2e-04
2006-03-27,-0.00043
2006-03-28,-0.00078
2006-03-29,0.00352
2006-03-30,0.00041
2006-03-31,-3e-05
2006-04-03,-7e-05
2006-04-04,-0.00144
2006-04-05,0.00588
2006-04-06,0.00391
2006-04-07,-0.00141
2006-04-10,-0.00107999999999999
2006-04-11,-0.000670000000000009
2006-04-12,-0.00124
2006-04-13,-0.000229999999999991
2006-04-17,-0.00162000000000001
2006-04-18,0.00137000000000001
2006-04-19,-0.000550000000000009
2006-04-20,0.00192
2006-04-21,-0.00057
2006-04-24,-0.00125
2006-04-25,0.000399999999999991
2006-04-26,0.00193000000000001
2006-04-27,0.00117999999999999
2006-04-28,0.001
2006-05-01,-0.000769999999999991
2006-05-02,0.00196000000000001
2006-05-03,-0.000460000000000009
2006-05-04,-9.99999999999091e-06
2006-05-05,0.000739999999999991
2006-05-08,0
2006-05-09,-0.00084
2006-05-10,-0.00042
2006-05-11,-0.00238
2006-05-12,-0.00044
2006-05-15,9.00000000000091e-05
2006-05-16,-0.00273
2006-05-17,0.000269999999999991
2006-05-18,-0.00202
2006-05-19,0.00129
2006-05-22,-0.0011
2006-05-23,-0.00022
2006-05-24,0.00018
2006-05-25,0.00096
2006-05-26,-0.00075
2006-05-30,-0.00227
2006-05-31,-0.00141
2006-06-01,0.00233
2006-06-02,-0.00049
2006-06-05,-0.00162
2006-06-06,-0.00027
2006-06-07,-0.00113
2006-06-08,0.00214
2006-06-09,-0.00148
2006-06-12,-0.00217
2006-06-13,0.00129
2006-06-14,-7e-04
2006-06-15,0.00172
2006-06-16,-0.00177
2006-06-19,-0.00035
2006-06-20,0.00026
2006-06-21,0.00038
2006-06-22,0.00167
2006-06-23,0
2006-06-26,0
2006-06-27,0
2006-06-28,0
2006-06-29,0
2006-06-30,0
2006-07-03,0
2006-07-05,0
2006-07-06,0
2006-07-07,0
2006-07-10,0
2006-07-11,0
2006-07-12,0
2006-07-13,0
2006-07-14,0
2006-07-17,0
2006-07-18,0
2006-07-19,0
2006-07-20,0
2006-07-21,0
2006-07-24,0
2006-07-25,0
2006-07-26,0
2006-07-27,0
2006-07-28,0
2006-07-31,0
2006-08-01,0
2006-08-02,0
2006-08-03,0
2006-08-04,0
2006-08-07,0
2006-08-08,0
2006-08-09,0
2006-08-10,0
2006-08-11,0
2006-08-14,0
2006-08-15,0
2006-08-16,0
2006-08-17,0
2006-08-18,0
2006-08-21,0
2006-08-22,0
2006-08-23,0
2006-08-24,0
2006-08-25,0
2006-08-28,0
2006-08-29,0
2006-08-30,0
2006-08-31,0
2006-09-01,0
2006-09-05,0
2006-09-06,0
2006-09-07,0
2006-09-08,0
2006-09-11,0
2006-09-12,0
2006-09-13,0
2006-09-14,0
2006-09-15,0
2006-09-18,0
2006-09-19,0
2006-09-20,0
2006-09-21,0
2006-09-22,0
2006-09-25,0
2006-09-26,0
2006-09-27,-0.00117
2006-09-28,0.000590000000000009
2006-09-29,-3.00000000000091e-05
2006-10-02,-0.00206
2006-10-03,-0.00076
2006-10-04,0.00126
2006-10-05,-0.00053
2006-10-06,-0.000599999999999991
2006-10-09,0.000399999999999991
2006-10-10,-8e-04
2006-10-11,-0.00056
2006-10-12,0.00197
2006-10-13,-0.000230000000000009
2006-10-16,0.000370000000000009
2006-10-17,-0.00108
2006-10-18,0.00023
2006-10-19,0.00433999999999999
2006-10-20,0.000940000000000018
2006-10-23,0.00145999999999999
2006-10-24,-0.00039
2006-10-25,0.00061
2006-10-26,0.000490000000000009
2006-10-27,-0.00173000000000001
2006-10-30,9.99999999999091e-06
2006-10-31,0.00064
2006-11-01,-0.00186
2006-11-02,-0.000179999999999991
2006-11-03,-0.00067
2006-11-06,0.00138
2006-11-07,0.00078
2006-11-08,0.00189
2006-11-09,0.00086
2006-11-10,-0.00021
2006-11-13,0.00119
2006-11-14,0.00064
2006-11-15,-0.000930000000000009
2006-11-16,0.00152000000000001
2006-11-17,0.00023
2006-11-20,0.00061
2006-11-21,0.00207
2006-11-22,0.00166
2006-11-24,0.00129
2006-11-27,-0.00204
2006-11-28,0.00221
2006-11-29,-1e-05
2006-11-30,-0.00014
2006-12-01,-0.00033
2006-12-04,-0.00019
2006-12-05,0.00014
2006-12-06,-0.0014
2006-12-07,-0.00271
2006-12-08,0.00119
2006-12-11,0.00047
2006-12-12,-0.00253
2006-12-13,0.00283
2006-12-14,-0.00049
2006-12-15,-0.00081
2006-12-18,-0.00219
2006-12-19,0.00082
2006-12-20,-0.00151
2006-12-21,-0.00181
2006-12-22,-0.00068
2006-12-26,-0.00067
2006-12-27,1e-05
2006-12-28,-0.000629999999999991
2006-12-29,0.00385999999999999
2007-01-03,-0.00101
2007-01-04,0.00181
2007-01-05,-0.00059
2007-01-08,4e-04
2007-01-09,0.00691
2007-01-10,0.00431
2007-01-11,-0.00117
2007-01-12,-0.00115
2007-01-16,0.00241
2007-01-17,-0.00209
2007-01-18,-0.00571
2007-01-19,-0.00056
2007-01-22,-0.00166
2007-01-23,-0.00106
2007-01-24,0.00097
2007-01-25,-0.00044
2007-01-26,-0.00084
2007-01-29,0.00054
2007-01-30,-0.00038
2007-01-31,0.00018
2007-02-01,-0.00097
2007-02-02,1e-05
2007-02-05,-0.00078
2007-02-06,2e-04
2007-02-07,0.00195
2007-02-08,2e-05
2007-02-09,-0.00283
2007-02-12,0.00157
2007-02-13,-0.00017
2007-02-14,0.00058
2007-02-15,-9e-05
2007-02-16,-0.00037
2007-02-20,0.00104
2007-02-21,0.00321
2007-02-22,3e-04
2007-02-23,-0.00042
2007-02-26,-0.00055
2007-02-27,-0.00445
2007-02-28,0.00066
2007-03-01,0.00238
2007-03-02,-0.0016
2007-03-05,0.00088
2007-03-06,0.00182
2007-03-07,-0.00046
2007-03-08,0.00027
2007-03-09,-2e-05
2007-03-12,0.00184
2007-03-13,-0.00143
2007-03-14,0.00156
2007-03-15,-0.00042
2007-03-16,2e-05
2007-03-19,0.0015
2007-03-20,0.00034
2007-03-21,0.00232
2007-03-22,9e-05
2007-03-23,-0.00043
2007-03-26,0.00227
2007-03-27,-0.00038
2007-03-28,-0.00216
2007-03-29,5e-04
2007-03-30,-0.00082
2007-04-02,0.00072
2007-04-03,0.00083
2007-04-04,-0.00023
2007-04-05,4e-04
2007-04-09,-0.001
2007-04-10,0.00058
2007-04-11,-0.00161
2007-04-12,-0.00039
2007-04-13,-0.0019
2007-04-16,0.00116
2007-04-17,-0.00105
2007-04-18,5e-05
2007-04-19,-0.00013
2007-04-20,0.00068
2007-04-23,0.00247
2007-04-24,-0.00026
2007-04-25,0.00205
2007-04-26,0.0034
2007-04-27,0.00105
2007-04-30,-0.00012
2007-05-01,-0.00032
2007-05-02,0.00089
2007-05-03,1e-05
2007-05-04,4e-04
2007-05-07,0.00303
2007-05-08,0.00111
2007-05-09,0.00177
2007-05-10,0.00044
2007-05-11,0.00137
2007-05-14,6e-04
2007-05-15,-0.00179
2007-05-16,-0.00018
2007-05-17,0.00205
2007-05-18,0.00056
2007-05-21,0.00191
2007-05-22,0.00151
2007-05-23,-0.00063
2007-05-24,-0.00214
2007-05-25,0.00285
2007-05-29,0.00071
2007-05-30,0.0043
2007-05-31,0.00235
2007-06-01,-0.00271
2007-06-04,0.00285
2007-06-05,0.0013
2007-06-06,0.00095
2007-06-07,0.00041
2007-06-08,0.00041
2007-06-11,-0.00418
2007-06-12,0.00019
2007-06-13,-0.00281
2007-06-14,0.00122
2007-06-15,0.0017
2007-06-18,0.00447
2007-06-19,-0.00139
2007-06-20,-0.00206
2007-06-21,0.00229
2007-06-22,-0.00088
2007-06-25,-0.00064
2007-06-26,-0.00261
2007-06-27,0.00217
2007-06-28,-0.00129
2007-06-29,0.00144
2007-07-02,-0.00076
2007-07-03,0.00575
2007-07-05,0.00543000000000002
2007-07-06,-0.000440000000000036
2007-07-09,-0.00191999999999998
2007-07-10,0.00197
2007-07-11,4e-05
2007-07-12,0.00162999999999998
2007-07-13,0.00356
2007-07-16,0.000360000000000018
2007-07-17,0.00079
2007-07-18,-0.000769999999999982
2007-07-19,0.00182999999999998
2007-07-20,0.00364000000000002
2007-07-23,-4.00000000000182e-05
2007-07-24,-0.00857
2007-07-25,0.0023
2007-07-26,0.0085
2007-07-27,-0.00209
2007-07-30,-0.00234999999999998
2007-07-31,-0.00941000000000004
2007-08-01,0.00315000000000002
2007-08-02,0.00145
2007-08-03,-0.00451000000000002
2007-08-06,0.00331000000000002
2007-08-07,-0.00022
2007-08-08,-0.000989999999999982
2007-08-09,-0.00741000000000002
2007-08-10,-0.00135
2007-08-13,0.00271
2007-08-14,-0.00365
2007-08-15,-0.00402
2007-08-16,-0.00277
2007-08-17,0.00487
2007-08-20,0.00016
2007-08-21,0.0052
2007-08-22,0.0048
2007-08-23,-0.00140000000000002
2007-08-24,0.00412000000000002
2007-08-27,-0.00297
2007-08-28,-0.00528
2007-08-29,0.00706
2007-08-30,0.00211
2007-08-31,0.00217
2007-09-04,0.00551999999999998
2007-09-05,-0.00718999999999998
2007-09-06,-0.00170999999999998
2007-09-07,-0.00315000000000002
2007-09-10,0.00481
2007-09-11,-0.00118999999999998
2007-09-12,0.00131999999999998
2007-09-13,0.00034
2007-09-14,0.00157
2007-09-17,-0.000389999999999982
2007-09-18,0.00244
2007-09-19,-0.000140000000000018
2007-09-20,-0.00045
2007-09-21,0.00373
2007-09-24,0.00402
2007-09-25,0.00476999999999998
2007-09-26,-0.000399999999999964
2007-09-27,0.00167999999999998
2007-09-28,-0.001
2007-10-01,0.00279000000000002
2007-10-02,0.00204999999999998
2007-10-03,-0.00051
2007-10-04,-0.00164000000000002
2007-10-05,0.00507000000000004
2007-10-08,0.00628
2007-10-09,-5.00000000000182e-05
2007-10-10,-0.00104
2007-10-11,-0.00443
2007-10-12,0.00488
2007-10-15,-0.00026
2007-10-16,0.00253
2007-10-17,0.00308
2007-10-18,0.00073
2007-10-19,-0.003
2007-10-22,0.00383
2007-10-23,0.01148
2007-10-24,-0.00022
2007-10-25,-0.00307
2007-10-26,0.00187
2007-10-29,0.00038
2007-10-30,0.00186
2007-10-31,0.00287
2007-11-01,-0.00244
2007-11-02,0.00041
2007-11-05,-0.00164
2007-11-06,0.00546
2007-11-07,-0.00534
2007-11-08,-0.01054
2007-11-09,-0.00981999999999998
2007-11-12,-0.01129
2007-11-13,0.01576
2007-11-14,-0.00374999999999998
2007-11-15,-0.00176000000000002
2007-11-16,0.00203
2007-11-19,-0.00237000000000002
2007-11-20,0.00477000000000002
2007-11-21,-0.00038
2007-11-23,0.00299
2007-11-26,0.00097
2007-11-27,0.00221
2007-11-28,0.00526
2007-11-29,0.00396
2007-11-30,-0.00201
2007-12-03,-0.00327
2007-12-04,0.00092
2007-12-05,0.00554
2007-12-06,0.00433
2007-12-07,0.00423
2007-12-10,-9e-05
2007-12-11,-0.00551
2007-12-12,0.00225
2007-12-13,0.00094
2007-12-14,-0.0014
2007-12-17,-0.00582
2007-12-18,-0.00138
2007-12-19,0.00013
2007-12-20,0.00398
2007-12-21,0.00652
2007-12-24,0.00475
2007-12-26,0.00015
2007-12-27,-0.00037
2007-12-28,0.00123
2007-12-31,-0.00171
2008-01-02,-0.00315
2008-01-03,9e-05
2008-01-04,-0.01447
2008-01-07,-0.00235
2008-01-08,-0.00621
2008-01-09,0.00793
2008-01-10,-0.00135
2008-01-11,-0.00518
2008-01-14,0.00592
2008-01-15,-0.00947
2008-01-16,-0.00914
2008-01-17,0.00121
2008-01-18,0.00046
2008-01-22,-0.00556
2008-01-23,-0.01612
2008-01-24,-0.00337
2008-01-25,-0.00544
2008-01-28,0
2008-01-29,0.00149
2008-01-30,0.000620000000000018
2008-01-31,0.00308999999999996
2008-02-01,-0.00155999999999996
2008-02-04,-0.00204000000000002
2008-02-05,-0.00223
2008-02-06,-0.00716
2008-02-07,-0.00074
2008-02-08,0.00413
2008-02-11,0.00386
2008-02-12,-0.00447
2008-02-13,0.00442
2008-02-14,-0.00189
2008-02-15,-0.00275
2008-02-19,-0.00238
2008-02-20,0.00159
2008-02-21,-0.00222
2008-02-22,-0.00202
2008-02-25,0.00027
2008-02-26,-0.00057
2008-02-27,0.00371
2008-02-28,0.00675
2008-02-29,-0.00475
2008-03-03,-0.0032
2008-03-04,0.00281
2008-03-05,-0.00013
2008-03-06,-0.00346
2008-03-07,0.00128
2008-03-10,0
2008-03-11,0
2008-03-12,0
2008-03-13,0
2008-03-14,0
2008-03-17,0
2008-03-18,0
2008-03-19,0
2008-03-20,0
2008-03-24,0
2008-03-25,0
2008-03-26,0
2008-03-27,0
2008-03-28,0
2008-03-31,0
2008-04-01,0
2008-04-02,0
2008-04-03,0
2008-04-04,0
2008-04-07,0
2008-04-08,0
2008-04-09,0
2008-04-10,0
2008-04-11,0
2008-04-14,0
2008-04-15,0
2008-04-16,0
2008-04-17,0
2008-04-18,0
2008-04-21,0
2008-04-22,0
2008-04-23,0
2008-04-24,0
2008-04-25,0
2008-04-28,0
2008-04-29,0
2008-04-30,0
2008-05-01,0
2008-05-02,0
2008-05-05,0
2008-05-06,0
2008-05-07,0
2008-05-08,0
2008-05-09,0
2008-05-12,0
2008-05-13,0
2008-05-14,0
2008-05-15,0
2008-05-16,0
2008-05-19,0
2008-05-20,0.00224
2008-05-21,-0.0075
2008-05-22,-0.00111
2008-05-23,0.00401
2008-05-27,0.00511
2008-05-28,0.00057
2008-05-29,-0.00031
2008-05-30,0.002
2008-06-02,-0.00258
2008-06-03,-0.00071
2008-06-04,-0.00017
2008-06-05,0.00412
2008-06-06,-0.00369
2008-06-09,-0.00391
2008-06-10,0.00391
2008-06-11,-0.00469
2008-06-12,-0.00735
2008-06-13,-0.00086
2008-06-16,0.00435
2008-06-17,0.00446
2008-06-18,-0.00261
2008-06-19,0.00209
2008-06-20,-0.00547
2008-06-23,-0.00205
2008-06-24,8e-05
2008-06-25,0.00403
2008-06-26,-0.00888000000000002
2008-06-27,0.00178000000000002
2008-06-30,-0.00258
2008-07-01,0.00705
2008-07-02,-0.00633
2008-07-03,0.00189
2008-07-07,0.0049
2008-07-08,0.00427
2008-07-09,-0.00515
2008-07-10,0.00231
2008-07-11,-0.00394
2008-07-14,0.00127
2008-07-15,-0.00413
2008-07-16,0.00309
2008-07-17,-0.00098
2008-07-18,-0.00647
2008-07-21,0.00110999999999998
2008-07-22,-0.00415999999999998
2008-07-23,0.00412999999999998
2008-07-24,-0.00703
2008-07-25,0.003
2008-07-28,-0.00750999999999998
2008-07-29,0.00261000000000002
2008-07-30,0.00271999999999998
2008-07-31,-9e-04
2008-08-01,-0.00222999999999998
2008-08-04,-0.00334
2008-08-05,0.00720999999999996
2008-08-06,0.00345000000000002
2008-08-07,-0.000599999999999982
2008-08-08,0.00581999999999998
2008-08-11,0.0039
2008-08-12,0.00308
2008-08-13,0.0025
2008-08-14,2e-05
2008-08-15,-0.00348
2008-08-18,-0.00034
2008-08-19,-0.00181
2008-08-20,0.00224
2008-08-21,-0.0015
2008-08-22,0.00243
2008-08-25,-0.00413
2008-08-26,0.00106
2008-08-27,0.00101
2008-08-28,-0.00091
2008-08-29,-0.00409
2008-09-02,-0.00325
2008-09-03,0.00075
2008-09-04,-0.00559
2008-09-05,-0.00101
2008-09-08,-0.00219
2008-09-09,-0.00606999999999998
2008-09-10,-7.00000000000364e-05
2008-09-11,0.00101000000000002
2008-09-12,-0.00361
2008-09-15,-0.00834
2008-09-16,-0.00047
2008-09-17,-0.01172
2008-09-18,0.00609
2008-09-19,0.00663
2008-09-22,-0.00959
2008-09-23,-0.00409
2008-09-24,0.00182
2008-09-25,0
2008-09-26,0
2008-09-29,0
2008-09-30,0
2008-10-01,0
2008-10-02,0
2008-10-03,0
2008-10-06,0
2008-10-07,0
2008-10-08,0
2008-10-09,0
2008-10-10,0
2008-10-13,0
2008-10-14,0
2008-10-15,0
2008-10-16,0
2008-10-17,0
2008-10-20,0
2008-10-21,0
2008-10-22,0
2008-10-23,0
2008-10-24,0
2008-10-27,0
2008-10-28,0
2008-10-29,0
2008-10-30,0
2008-10-31,0
2008-11-03,0
2008-11-04,0
2008-11-05,0
2008-11-06,0
2008-11-07,0
2008-11-10,0
2008-11-11,0
2008-11-12,0
2008-11-13,0
2008-11-14,0
2008-11-17,0
2008-11-18,0
2008-11-19,0
2008-11-20,0
2008-11-21,0
2008-11-24,0
2008-11-25,0
2008-11-26,0
2008-11-28,0
2008-12-01,0
2008-12-02,0
2008-12-03,0
2008-12-04,0
2008-12-05,0
2008-12-08,0
2008-12-09,0
2008-12-10,0
2008-12-11,0
2008-12-12,0
2008-12-15,0
2008-12-16,0
2008-12-17,0
2008-12-18,0
2008-12-19,0
2008-12-22,0
2008-12-23,0
2008-12-24,0
2008-12-26,0
2008-12-29,0
2008-12-30,0
2008-12-31,0
2009-01-02,0
2009-01-05,0
2009-01-06,0
2009-01-07,0
2009-01-08,0
2009-01-09,0
2009-01-12,0
2009-01-13,0
2009-01-14,0
2009-01-15,0
2009-01-16,0
2009-01-20,0
2009-01-21,0
2009-01-22,0
2009-01-23,0
2009-01-26,0
2009-01-27,0
2009-01-28,0
2009-01-29,0
2009-01-30,0
2009-02-02,0
2009-02-03,0
2009-02-04,0
2009-02-05,0
2009-02-06,0
2009-02-09,0
2009-02-10,0
2009-02-11,0
2009-02-12,0
2009-02-13,0
2009-02-17,0
2009-02-18,0
2009-02-19,0
2009-02-20,0
2009-02-23,0
2009-02-24,0
2009-02-25,0
2009-02-26,0
2009-02-27,0
2009-03-02,0
2009-03-03,0
2009-03-04,0
2009-03-05,0
2009-03-06,0
2009-03-09,0
2009-03-10,0
2009-03-11,0
2009-03-12,0
2009-03-13,0
2009-03-16,0
2009-03-17,0
2009-03-18,0
2009-03-19,0
2009-03-20,0
2009-03-23,0
2009-03-24,0
2009-03-25,0
2009-03-26,0
2009-03-27,0
2009-03-30,0
2009-03-31,0
2009-04-01,0
2009-04-02,0
2009-04-03,0
2009-04-06,0
2009-04-07,0
2009-04-08,0
2009-04-09,0
2009-04-13,0
2009-04-14,0
2009-04-15,0
2009-04-16,0
2009-04-17,0
2009-04-20,0
2009-04-21,0
2009-04-22,0
2009-04-23,0
2009-04-24,0
2009-04-27,0
2009-04-28,0
2009-04-29,0
2009-04-30,0
2009-05-01,0
2009-05-04,0
2009-05-05,0
2009-05-06,0
2009-05-07,0
2009-05-08,0
2009-05-11,0
2009-05-12,0
2009-05-13,0
2009-05-14,0
2009-05-15,-0.00052
2009-05-18,0.00411
2009-05-19,0.00078
2009-05-20,-0.00153
2009-05-21,-0.00165
2009-05-22,-0.00163
2009-05-26,0.00805
2009-05-27,0.00221
2009-05-28,0.00196000000000002
2009-05-29,0.00072
2009-06-01,0.00344999999999998
2009-06-02,0.00013
2009-06-03,0.00142000000000002
2009-06-04,0.00270999999999998
2009-06-05,0.000909999999999982
2009-06-08,-0.000799999999999982
2009-06-09,-0.00109999999999998
2009-06-10,-0.00240000000000002
2009-06-11,-0.000289999999999982
2009-06-12,-0.00290000000000002
2009-06-15,-0.00086
2009-06-16,0.000260000000000018
2009-06-17,-0.00075
2009-06-18,0.000289999999999982
2009-06-19,0.0035
2009-06-22,-0.00205
2009-06-23,-0.00326999999999998
2009-06-24,0.00214999999999996
2009-06-25,0.00354000000000004
2009-06-26,0.00250999999999998
2009-06-29,-0.00046
2009-06-30,0.000450000000000018
2009-07-01,0.000389999999999982
2009-07-02,-0.00273
2009-07-06,-0.00137
2009-07-07,-0.00313
2009-07-08,0.00176999999999998
2009-07-09,-0.000829999999999982
2009-07-10,0.0021
2009-07-13,0.00371
2009-07-14,-6e-05
2009-07-15,0.00448
2009-07-16,0.00062
2009-07-17,0.00411000000000002
2009-07-20,0.00112999999999998
2009-07-21,-0.00136
2009-07-22,0.00509
2009-07-23,0.00105
2009-07-24,0.00211
2009-07-27,0.00011
2009-07-28,-9.99999999999818e-05
2009-07-29,2.99999999999636e-05
2009-07-30,0.00268000000000002
2009-07-31,0.00059
2009-08-03,0.00295000000000002
2009-08-04,-0.000850000000000018
2009-08-05,-0.000429999999999982
2009-08-06,-0.00117000000000002
2009-08-07,0.00156
2009-08-10,-0.000770000000000018
2009-08-11,-0.00183999999999996
2009-08-12,0.00241
2009-08-13,0.00303
2009-08-14,-0.00160000000000004
2009-08-17,-0.00698999999999998
2009-08-18,0.00429
2009-08-19,0.000580000000000018
2009-08-20,0.00167999999999998
2009-08-21,0.00282
2009-08-24,-0.00016
2009-08-25,0.00033
2009-08-26,-0.00193
2009-08-27,0.00198
2009-08-28,0.00058
2009-08-31,-0.00179
2009-09-01,-0.00283
2009-09-02,-0.00011
2009-09-03,0.00132999999999998
2009-09-04,0.00366000000000002
2009-09-08,0.00254
2009-09-09,-0.00174
2009-09-10,0.00138
2009-09-11,-0.00039
2009-09-14,0.00152
2009-09-15,0.0014
2009-09-16,0.00653
2009-09-17,0.0026
2009-09-18,0.00046
2009-09-21,-0.00097
2009-09-22,0.00045
2009-09-23,0.00099
2009-09-24,-0.00164
2009-09-25,-0.00141
2009-09-28,0.00368
2009-09-29,-0.00075
2009-09-30,-3e-05
2009-10-01,-0.00436
2009-10-02,0.00393
2009-10-05,0.00108
2009-10-06,0.00388
2009-10-07,0.00024
2009-10-08,-0.00095
2009-10-09,0.00116
2009-10-12,0.00033
2009-10-13,-0.00077
2009-10-14,0.00124
2009-10-15,-0.00071
2009-10-16,-0.00244
2009-10-19,0.00176
2009-10-20,0.00865
2009-10-21,0.006
2009-10-22,0.00027
2009-10-23,-0.00123
2009-10-26,-0.00142
2009-10-27,-0.00497
2009-10-28,-0.00483
2009-10-29,0.00384
2009-10-30,-0.00763
2009-11-02,0.00078
2009-11-03,-0.00054
2009-11-04,0.002
2009-11-05,0.00313
2009-11-06,0.00031
2009-11-09,0.00692
2009-11-10,0.00148
2009-11-11,0.00026
2009-11-12,-0.00122
2009-11-13,0.00239
2009-11-16,0.00212
2009-11-17,0.00036
2009-11-18,-0.00101
2009-11-19,-0.0053
2009-11-20,-0.00058
2009-11-23,0.0058
2009-11-24,-0.0014
2009-11-25,-0.00024
2009-11-27,-0.00351
2009-11-30,-0.00066
2009-12-01,-0.00286
2009-12-02,-0.00072
2009-12-03,0.00025
2009-12-04,-0.00308
2009-12-07,-0.00425
2009-12-08,9e-04
2009-12-09,0.00771
2009-12-10,-0.00133
2009-12-11,-0.00171
2009-12-14,0.00224
2009-12-15,-0.00273
2009-12-16,0.00084
2009-12-17,-0.00309
2009-12-18,0.00348
2009-12-21,0.00272
2009-12-22,0.00207
2009-12-23,0.00169
2009-12-24,0.00675
2009-12-28,0.0025
2009-12-29,-0.00244
2009-12-30,0.00247
2009-12-31,-0.00088
2010-01-04,0.00319
2010-01-05,0.00036
2010-01-06,-0.00332
2010-01-07,-0.00038
2010-01-08,0.00136
2010-01-11,-0.00182
2010-01-12,-0.00232
2010-01-13,0.00285
2010-01-14,-0.00119
2010-01-15,-0.0034
2010-01-19,0.00886
2010-01-20,-0.00322
2010-01-21,-0.00356
2010-01-22,-0.01004
2010-01-25,0.00518
2010-01-26,0.00279
2010-01-27,0.00188
2010-01-28,-0.00835
2010-01-29,-0.00703
2010-02-01,0.0026
2010-02-02,0.00109
2010-02-03,0.00328
2010-02-04,-0.00698
2010-02-05,0.00332
2010-02-08,-0.00131
2010-02-09,0.00202
2010-02-10,-0.00105
2010-02-11,0.00346
2010-02-12,0.00166
2010-02-16,0.00294
2010-02-17,-0.00083
2010-02-18,0.00037
2010-02-19,-0.00123
2010-02-22,-0.00121
2010-02-23,-0.00327
2010-02-24,0.0035
2010-02-25,0.00131
2010-02-26,0.00254
2010-03-01,0.00425
2010-03-02,-0.00013
2010-03-03,0.00046
2010-03-04,0.00135
2010-03-05,0.00801
2010-03-08,0.00013
2010-03-09,0.00383
2010-03-10,0.00177
2010-03-11,0.00064
2010-03-12,0.00107
2010-03-15,-0.00268
2010-03-16,0.00059
2010-03-17,-0.00032
2010-03-18,0.00051
2010-03-19,-0.00233
2010-03-22,0.00243
2010-03-23,0.00351
2010-03-24,0.00098
2010-03-25,-0.00264
2010-03-26,0.00413
2010-03-29,0.00145
2010-03-30,0.00337
2010-03-31,-0.00083
2010-04-01,0.00094
2010-04-05,0.00245
2010-04-06,0.00103
2010-04-07,0.00103
2010-04-08,-0.00064
2010-04-09,0.00179
2010-04-12,0.00049
2010-04-13,0.00014
2010-04-14,0.00317
2010-04-15,0.00314
2010-04-16,-0.00148
2010-04-19,-0.00032
2010-04-20,-0.00241
2010-04-21,0.01423
2010-04-22,0.00705000000000004
2010-04-23,0.00423999999999993
2010-04-26,-0.00129999999999993
2010-04-27,-0.00725000000000004
2010-04-28,-0.00043
2010-04-29,0.00685
2010-04-30,-0.00735
2010-05-03,0.00512000000000004
2010-05-04,-0.00746000000000004
2010-05-05,-0.00262
2010-05-06,-0.00947
2010-05-07,-0.0101
2010-05-10,0.01763
2010-05-11,0.00246
2010-05-12,0.00542
2010-05-13,-0.00363
2010-05-14,-0.00442
2010-05-17,0.00039
2010-05-18,-0.00181
2010-05-19,-0.00391
2010-05-20,-0.01029
2010-05-21,0.00444
2010-05-24,0.00432
2010-05-25,-0.0015
2010-05-26,-0.00108
2010-05-27,0.00899
2010-05-28,0.00343
2010-06-01,0.00384
2010-06-02,0.00303999999999996
2010-06-03,-0.000809999999999964
2010-06-04,-0.00697
2010-06-07,-0.00488
2010-06-08,-0.00156
2010-06-09,-0.00597
2010-06-10,0.00711
2010-06-11,0.00292
2010-06-14,0.00075
2010-06-15,0.00526
2010-06-16,0.00735000000000004
2010-06-17,0.0045
2010-06-18,0.00213999999999996
2010-06-21,-0.0038
2010-06-22,0.00358
2010-06-23,-0.00280000000000004
2010-06-24,-0.00190999999999996
2010-06-25,-0.00224
2010-06-28,0.00156
2010-06-29,-0.0118
2010-06-30,-0.00451
2010-07-01,-0.00297
2010-07-02,-0.0015
2010-07-06,0.00165
2010-07-07,0.00976
2010-07-08,-0.00056
2010-07-09,0.00148
2010-07-12,-0.00226
2010-07-13,-0.00534
2010-07-14,9e-04
2010-07-15,-0.00124
2010-07-16,-0.00151
2010-07-19,-0.0042
2010-07-20,0.00614
2010-07-21,0.00228
2010-07-22,0.00465
2010-07-23,9e-04
2010-07-26,-0.00065
2010-07-27,0.00467
2010-07-28,-0.00303
2010-07-29,-0.00277
2010-07-30,-0.00084
2010-08-02,0.00447
2010-08-03,8e-05
2010-08-04,0.00102
2010-08-05,-0.00124
2010-08-06,-0.00157
2010-08-09,0.00162
2010-08-10,-0.00228
2010-08-11,-0.00897
2010-08-12,0.00156
2010-08-13,-0.00262
2010-08-16,-0.00142
2010-08-17,0.00421
2010-08-18,0.00107
2010-08-19,-0.0031
2010-08-20,-0.00023
2010-08-23,-0.00374
2010-08-24,-0.00571
2010-08-25,0.00288
2010-08-26,-0.00253
2010-08-27,0.0013
2010-08-30,0.00085
2010-08-31,0.00059
2010-09-01,0.00703
2010-09-02,0.00179
2010-09-03,0.00642
2010-09-07,-0.00094
2010-09-08,0.00497
2010-09-09,0.00015
2010-09-10,0.00033
2010-09-13,0.00352999999999996
2010-09-14,0.000990000000000036
2010-09-15,0.0021
2010-09-16,0.00618
2010-09-17,-0.00117
2010-09-20,0.00764999999999996
2010-09-21,0.000520000000000036
2010-09-22,0.00387000000000004
2010-09-23,0.00113999999999996
2010-09-24,0.00331
2010-09-27,-0.00113
2010-09-28,-0.00418
2010-09-29,0.00049
2010-09-30,-0.00352000000000004
2010-10-01,-0.00118999999999996
2010-10-04,-0.00378
2010-10-05,0.01002
2010-10-06,0.00024
2010-10-07,2.99999999999636e-05
2010-10-08,0.00472000000000004
2010-10-11,0.00125
2010-10-12,0.00310000000000004
2010-10-13,0.00154999999999993
2010-10-14,0.00211000000000004
2010-10-15,0.01209
2010-10-18,0.00316999999999996
2010-10-19,-0.00827
2010-10-20,0.00101
2010-10-21,-0.00099
2010-10-22,-0.00199000000000004
2010-10-25,0.00133000000000004
2010-10-26,-0.000770000000000036
2010-10-27,-0.000209999999999964
2010-10-28,-0.00252
2010-10-29,-0.00413999999999996
2010-11-01,0.00310999999999996
2010-11-02,0.00504
2010-11-03,0.00333999999999996
2010-11-04,0.00532
2010-11-05,-0.00109999999999996
2010-11-08,0.00144
2010-11-09,-0.00247000000000004
2010-11-10,0.00190000000000004
2010-11-11,-0.00134000000000004
2010-11-12,-0.00837999999999996
2010-11-15,-0.00097
2010-11-16,-0.0053
2010-11-17,-0.00106
2010-11-18,0.00770999999999996
2010-11-19,-0.00164999999999996
2010-11-22,0.00645
2010-11-23,-0.0045
2010-11-24,0.00590000000000004
2010-11-26,0.00019
2010-11-29,0.00181999999999996
2010-11-30,-0.00556
2010-12-01,0.00511000000000004
2010-12-02,0.00169999999999996
2010-12-03,-0.00069
2010-12-06,0.00263
2010-12-07,-0.00188
2010-12-08,0.00272
2010-12-09,-0.00122
2010-12-10,0.00078
2010-12-13,0.00107999999999996
2010-12-14,-0.00133999999999996
2010-12-15,7e-05
2010-12-16,0.00086
2010-12-17,-0.00062
2010-12-20,0.00156
2010-12-21,0.00193
2010-12-22,0.00094
2010-12-23,-0.00151999999999996
2010-12-27,0.00104999999999996
2010-12-28,0.000770000000000036
2010-12-29,-0.000180000000000036
2010-12-30,-0.00158000000000004
2010-12-31,-0.00107
2011-01-03,0.00681000000000004
2011-01-04,0.00168
2011-01-05,0.00263
2011-01-06,-0.00026
2011-01-07,0.00232
2011-01-10,0.00616
2011-01-11,-0.00079
2011-01-12,0.00271
2011-01-13,0.00122
2011-01-14,0.00273
2011-01-18,-0.00762
2011-01-19,-0.00176
2011-01-20,-0.00599
2011-01-21,-0.0058
2011-01-24,0.01044
2011-01-25,0.00384
2011-01-26,0.00238
2011-01-27,-0.00062
2011-01-28,-0.00691
2011-01-31,0.00313
2011-02-01,0.00555
2011-02-02,-0.00069
2011-02-03,-0.00086
2011-02-04,0.00298
2011-02-07,0.00523
2011-02-08,0.00323
2011-02-09,0.00288
2011-02-10,-0.00352
2011-02-11,0.00225
2011-02-14,0.00226
2011-02-15,7e-04
2011-02-16,0.00314
2011-02-17,-0.00469
2011-02-18,-0.00753
2011-02-22,-0.01162
2011-02-23,0.0039
2011-02-24,0.00025
2011-02-25,0.00513
2011-02-28,0.00492
2011-03-01,-0.0038
2011-03-02,0.00274
2011-03-03,0.00723
2011-03-04,0.00043
2011-03-07,-0.00451
2011-03-08,0.00039
2011-03-09,-0.0032
2011-03-10,-0.00565
2011-03-11,0.00518
2011-03-14,0.00153
2011-03-15,-0.00791
2011-03-16,-0.015
2011-03-17,0.00450999999999996
2011-03-18,-0.00387
2011-03-21,0.00840000000000004
2011-03-22,0.00185
2011-03-23,-0.00196
2011-03-24,0.00562
2011-03-25,0.00639
2011-03-28,-0.00107
2011-03-29,0.00051
2011-03-30,-0.00227
2011-03-31,-0.00012
2011-04-01,-0.00384
2011-04-04,-0.00327
2011-04-05,-0.00224
2011-04-06,-0.00083
2011-04-07,4e-05
2011-04-08,-0.00294
2011-04-11,-0.00413999999999996
2011-04-12,0.00155999999999993
2011-04-13,0.00362
2011-04-14,-0.00359999999999996
2011-04-15,-0.00482999999999996
2011-04-18,0.00426999999999996
2011-04-19,0.00585
2011-04-20,0.00442
2011-04-21,0.00806
2011-04-25,0.00225
2011-04-26,-0.00252
2011-04-27,-0.00026
2011-04-28,-0.00331
2011-04-29,0.00329
2011-05-02,-0.00374
2011-05-03,0.00186
2011-05-04,0.00134
2011-05-05,-0.00275
2011-05-06,-8e-05
2011-05-09,0.00091
2011-05-10,0.0018
2011-05-11,-0.00216
2011-05-12,-0.00064
2011-05-13,-0.00591
2011-05-16,-0.00700000000000004
2011-05-17,0.00276000000000007
2011-05-18,0.00362999999999996
2011-05-19,0.00064
2011-05-20,-0.00516
2011-05-23,-0.000799999999999964
2011-05-24,-0.00215000000000004
2011-05-25,0.00447000000000004
2011-05-26,-0.00173000000000004
2011-05-27,0.00234
2011-05-31,0.01013
2011-06-01,-0.00225
2011-06-02,0.00057
2011-06-03,-0.00259
2011-06-06,-0.00525
2011-06-07,-0.00583
2011-06-08,0.00019
2011-06-09,-0.00073
2011-06-10,-0.00543000000000004
2011-06-13,0.000680000000000036
2011-06-14,0.00568
2011-06-15,-0.00554000000000004
2011-06-16,-0.00153999999999996
2011-06-17,-0.00476999999999996
2011-06-20,-0.00480000000000004
2011-06-21,0.0097
2011-06-22,-0.00261
2011-06-23,0.00838
2011-06-24,-0.00475
2011-06-27,0.00554
2011-06-28,0.00313
2011-06-29,-0.00119
2011-06-30,0.00158999999999996
2011-07-01,0.00738000000000004
2011-07-05,0.006
2011-07-06,0.00227
2011-07-07,0.00529
2011-07-08,0.00244
2011-07-11,-0.00556
2011-07-12,-0.00024
2011-07-13,0.00415
2011-07-14,-0.00024
2011-07-15,0.00695
2011-07-18,0.00864
2011-07-19,0.00297
2011-07-20,0.00977
2011-07-21,0.00038
2011-07-22,0.00585
2011-07-25,0.00505
2011-07-26,0.00478
2011-07-27,-0.01053
2011-07-28,-0.00074
2011-07-29,-0.00131
2011-08-01,0.0061
2011-08-02,-0.00762
2011-08-03,0.00356
2011-08-04,-0.01479
2011-08-05,-0.00364
2011-08-08,-0.01985
2011-08-09,0.02022
2011-08-10,-0.01003
2011-08-11,0.00973
2011-08-12,0.0032
2011-08-15,0.00625
2011-08-16,-0.00285
2011-08-17,-4e-05
2011-08-18,-0.014
2011-08-19,-0.00974
2011-08-22,4e-04
2011-08-23,0.01669
2011-08-24,0.0025
2011-08-25,-0.00239
2011-08-26,0.00959
2011-08-29,0.00622
2011-08-30,2e-05
2011-08-31,-0.00502
2011-09-01,-0.0037
2011-09-02,-0.00679
2011-09-06,0.00554
2011-09-07,0.00407
2011-09-08,0.00021
2011-09-09,-0.00648
2011-09-12,0.00239
2011-09-13,0.00455
2011-09-14,0.00455
2011-09-15,0.00356
2011-09-16,0.00734
2011-09-19,0.01082
2011-09-20,0.00177
2011-09-21,-0.00127
2011-09-22,-0.01004
2011-09-23,0.00241
2011-09-26,-0.0011
2011-09-27,-0.0038
2011-09-28,-0.00219
2011-09-29,-0.00626
2011-09-30,-0.009
2011-10-03,-0.00653
2011-10-04,-0.00204
2011-10-05,0.00559
2011-10-06,-0.00086
2011-10-07,-0.00736
2011-10-10,0.01849
2011-10-11,0.01116
2011-10-12,0.00185
2011-10-13,0.00607
2011-10-14,0.0132
2011-10-17,-0.00196
2011-10-18,0.00219
2011-10-19,-0.02297
2011-10-20,-0.00322
2011-10-21,-0.00237
2011-10-24,0.01254
2011-10-25,-0.00778
2011-10-26,0.00275
2011-10-27,0.00398
2011-10-28,0.00026
2011-10-31,-0.00017
2011-11-01,-0.00804
2011-11-02,0.00087
2011-11-03,0.00551
2011-11-04,-0.00276
2011-11-07,-0.00049
2011-11-08,0.00632
2011-11-09,-0.01065
2011-11-10,-0.00978
2011-11-11,-0.00059
2011-11-14,-0.00521
2011-11-15,0.00931
2011-11-16,-0.00395
2011-11-17,-0.00716
2011-11-18,-0.0024
2011-11-21,-0.00577
2011-11-22,0.0073
2011-11-23,-0.00926
2011-11-25,-0.00333
2011-11-28,0.01221
2011-11-29,-0.00284
2011-11-30,0.00875
2011-12-01,0.00557
2011-12-02,0.00172
2011-12-05,0.00322
2011-12-06,-0.002
2011-12-07,-0.00181
2011-12-08,0.00153
2011-12-09,0.00288
2011-12-12,-0.00173
2011-12-13,-0.00295
2011-12-14,-0.00839
2011-12-15,-0.00121
2011-12-16,0.00202
2011-12-19,0.00116
2011-12-20,0.01336
2011-12-21,0.00049
2011-12-22,0.00204
2011-12-23,0.00465
2011-12-27,0.00311
2011-12-28,-0.00378
2011-12-29,0.00241
2011-12-30,-0.00012
2012-01-03,0.00606
2012-01-04,0.00215
2012-01-05,0.00447
2012-01-06,0.00425
2012-01-09,-0.00066
2012-01-10,0.00147
2012-01-11,-0.00067
2012-01-12,-0.00113
2012-01-13,-0.00153
2012-01-17,0.00475
2012-01-18,0.00429
2012-01-19,-0.00132
2012-01-20,-0.00725
2012-01-23,0.00692
2012-01-24,-0.00681
2012-01-25,0.02553
2012-01-26,-0.00197
2012-01-27,0.00257
2012-01-30,0.00558
2012-01-31,0.00337
2012-02-01,-0.00028
2012-02-02,-0.00104
2012-02-03,0.00443
2012-02-06,0.00418
2012-02-07,0.00472
2012-02-08,0.00764
2012-02-09,0.01603
2012-02-10,0.00025
2012-02-13,0.00893
2012-02-14,0.00667
2012-02-15,-0.01147
2012-02-16,0.00442
2012-02-17,-9e-05
2012-02-21,0.01238
2012-02-22,-0.00176
2012-02-23,0.00326
2012-02-24,0.00585
2012-02-27,0.00326
2012-02-28,0.00938
2012-02-29,0.00683999999999993
2012-03-01,0.00198000000000007
2012-03-02,0.00069
2012-03-05,-0.01169
2012-03-06,-0.00282
2012-03-07,0.00041
2012-03-08,0.01099
2012-03-09,0.0031
2012-03-12,0.00664
2012-03-13,0.01566
2012-03-14,0.02089
2012-03-15,-0.00391
2012-03-16,1e-05
2012-03-19,0.0151
2012-03-20,0.00473000000000007
2012-03-21,-0.00337000000000007
2012-03-22,-0.00307
2012-03-23,-0.00319999999999993
2012-03-26,0.01063
2012-03-27,0.00728999999999993
2012-03-28,0.00305999999999993
2012-03-29,-0.00754999999999993
2012-03-30,-0.01003
2012-04-02,0.01856
2012-04-03,0.0103999999999999
2012-04-04,-0.00488
2012-04-05,0.00912000000000007
2012-04-09,0.00248
2012-04-10,-0.00757999999999993
2012-04-11,-0.00218000000000007
2012-04-12,-0.00333000000000007
2012-04-13,-0.0170599999999999
2012-04-16,-0.02441
2012-04-17,0.02876
2012-04-18,-0.00133
2012-04-19,-0.0203199999999999
2012-04-20,-0.0140700000000001
2012-04-23,-0.00124
2012-04-24,-0.01111
2012-04-25,0.04836
2012-04-26,-0.00224
2012-04-27,-0.00456999999999993
2012-04-30,-0.0185
2012-05-01,-0.00180000000000007
2012-05-02,0.00375
2012-05-03,-0.00405
2012-05-04,-0.01611
2012-05-07,0.00411
2012-05-08,-0.00126
2012-05-09,0.000969999999999927
2012-05-10,0.00130000000000007
2012-05-11,-0.0037
2012-05-14,-0.00826
2012-05-15,-0.00491
2012-05-16,-0.0069
2012-05-17,-0.0155199999999999
2012-05-18,0.00025
2012-05-21,0.0300499999999999
2012-05-22,-0.00419000000000007
2012-05-23,0.0132200000000001
2012-05-24,-0.00510000000000007
2012-05-25,-0.00293999999999993
2012-05-29,0.00969999999999993
2012-05-30,0.00671000000000007
2012-05-31,-0.0014
2012-06-01,-0.01628
2012-06-04,0.00320999999999993
2012-06-05,-0.00141999999999993
2012-06-06,0.0084
2012-06-07,0.00025
2012-06-08,0.00836
2012-06-11,-0.0089
2012-06-12,0.00486
2012-06-13,-0.00389
2012-06-14,-0.00062
2012-06-15,0.00253
2012-06-18,0.0113300000000001
2012-06-19,0.00158999999999993
2012-06-20,-0.00163
2012-06-21,-0.00785000000000007
2012-06-22,0.00431000000000007
2012-06-25,-0.01102
2012-06-26,0.00123000000000007
2012-06-27,0.00239999999999993
2012-06-28,-0.00530000000000007
2012-06-29,0.0145400000000001
2012-07-02,0.00829
2012-07-03,0.0067
2012-07-05,0.0102400000000001
2012-07-06,-0.00395000000000007
2012-07-09,0.00779
2012-07-10,-0.00552
2012-07-11,-0.00368
2012-07-12,-0.00538
2012-07-13,0.00591
2012-07-16,0.00188
2012-07-17,3e-05
2012-07-18,-0.00066
2012-07-19,0.00784
2012-07-20,-0.00975
2012-07-23,-0.00045
2012-07-24,-0.00283000000000007
2012-07-25,-0.0252399999999999
2012-07-26,-9.00000000000728e-05
2012-07-27,0.01
2012-07-30,0.00960000000000007
2012-07-31,0.0152999999999999
2012-08-01,-0.00385
2012-08-02,0.00096
2012-08-03,0.00768999999999993
2012-08-06,0.00666000000000007
2012-08-07,-0.00159
2012-08-08,-0.00102
2012-08-09,0.00343
2012-08-10,0.00095
2012-08-13,0.00811
2012-08-14,0.00165
2012-08-15,-0.00084
2012-08-16,0.00538
2012-08-17,0.0115
2012-08-20,0.0166399999999999
2012-08-21,-0.00887999999999993
2012-08-22,0.0125099999999999
2012-08-23,-0.00608999999999993
2012-08-24,0.00058
2012-08-27,0.01217
2012-08-28,-0.00086
2012-08-29,-0.0013
2012-08-30,-0.00938000000000007
2012-08-31,0.00134000000000007
2012-09-04,0.0095
2012-09-05,-0.00463
2012-09-06,0.0059
2012-09-07,0.00408
2012-09-10,-0.0172899999999999
2012-09-11,-0.00210000000000007
2012-09-12,0.00898000000000007
2012-09-13,0.0128899999999999
2012-09-14,0.0081
2012-09-17,0.00831
2012-09-18,0.00208
2012-09-19,0.00018
2012-09-20,-0.00332
2012-09-21,0.00136
2012-09-24,-0.00909
2012-09-25,-0.01684
2012-09-26,-0.00816999999999993
2012-09-27,0.0157599999999999
2012-09-28,-0.0138799999999999
2012-10-01,-0.00753000000000015
2012-10-02,0.00187
2012-10-03,0.00990000000000007
2012-10-04,-0.00454
2012-10-05,-0.01388
2012-10-08,-0.0140799999999999
2012-10-09,-0.00227000000000015
2012-10-10,0.00495000000000007
2012-10-11,-0.01252
2012-10-12,0.00157999999999993
2012-10-15,0.00493000000000007
2012-10-16,0.0146799999999999
2012-10-17,-0.00505999999999993
2012-10-18,-0.0116900000000001
2012-10-19,-0.0222699999999999
2012-10-22,0.02363
2012-10-23,-0.02019
2012-10-24,0.00339
2012-10-25,-0.00712
2012-10-26,-0.00541999999999993
2012-10-31,-0.00847000000000007
2012-11-01,0.00119
2012-11-02,-0.01928
2012-11-05,0.00764
2012-11-06,-0.00173
2012-11-07,-0.02179
2012-11-08,-0.01987
2012-11-09,0.00914
2012-11-12,-0.00415
2012-11-13,7.00000000000728e-05
2012-11-14,-0.00591000000000007
2012-11-15,-0.01105
2012-11-16,0.00202
2012-11-19,0.03734
2012-11-20,-0.00473
2012-11-21,0.00077
2012-11-23,0.00962
2012-11-26,0.0176900000000001
2012-11-27,-0.00466000000000007
2012-11-28,-0.00181
2012-11-29,0.0063
2012-11-30,-0.004
2012-12-03,0.00089
2012-12-04,-0.01014
2012-12-05,-0.03636
2012-12-06,0.00829000000000007
2012-12-07,-0.0137300000000001
2012-12-10,-0.00337
2012-12-11,0.01136
2012-12-12,0
2012-12-13,0
2012-12-14,0
2012-12-17,0
2012-12-18,0
2012-12-19,0
2012-12-20,0
2012-12-21,0
2012-12-24,0
2012-12-26,0
2012-12-27,0
2012-12-28,0
2012-12-31,0
2013-01-02,0
2013-01-03,0
2013-01-04,0
2013-01-07,0
2013-01-08,0
2013-01-09,0
2013-01-10,0
2013-01-11,0
2013-01-14,0
2013-01-15,0
2013-01-16,0
2013-01-17,0
2013-01-18,0
2013-01-22,0
2013-01-23,0
2013-01-24,0
2013-01-25,0
2013-01-28,0
2013-01-29,0
2013-01-30,0
2013-01-31,0
2013-02-01,0
2013-02-04,0
2013-02-05,0
2013-02-06,0
2013-02-07,0
2013-02-08,0
2013-02-11,0
2013-02-12,0
2013-02-13,0
2013-02-14,0
2013-02-15,0
2013-02-19,0
2013-02-20,0
2013-02-21,0
2013-02-22,0
2013-02-25,0
2013-02-26,0
2013-02-27,0
2013-02-28,0
2013-03-01,0
2013-03-04,0
2013-03-05,0
2013-03-06,0
2013-03-07,0
2013-03-08,0
2013-03-11,0
2013-03-12,0
2013-03-13,0
2013-03-14,0
2013-03-15,0
2013-03-18,0
2013-03-19,0
2013-03-20,0
2013-03-21,0
2013-03-22,0
2013-03-25,0
2013-03-26,0
2013-03-27,0
2013-03-28,0
2013-04-01,0
2013-04-02,0
2013-04-03,0
2013-04-04,0
2013-04-05,0
2013-04-08,0
2013-04-09,0
2013-04-10,0
2013-04-11,0
2013-04-12,0
2013-04-15,0
2013-04-16,0
2013-04-17,0
2013-04-18,0
2013-04-19,0
2013-04-22,0
2013-04-23,0
2013-04-24,0
2013-04-25,0
2013-04-26,0
2013-04-29,0
2013-04-30,0
2013-05-01,0
2013-05-02,0
2013-05-03,0
2013-05-06,0
2013-05-07,0
2013-05-08,0
2013-05-09,0
2013-05-10,0
2013-05-13,0
2013-05-14,0
2013-05-15,0
2013-05-16,0
2013-05-17,0
2013-05-20,0
2013-05-21,0
2013-05-22,0
2013-05-23,0
2013-05-24,0
2013-05-28,0
2013-05-29,0
2013-05-30,0
2013-05-31,0
2013-06-03,0
2013-06-04,0
2013-06-05,0
2013-06-06,0
2013-06-07,0
2013-06-10,0
2013-06-11,0
2013-06-12,0
2013-06-13,0
2013-06-14,0
2013-06-17,0
2013-06-18,0
2013-06-19,0
2013-06-20,0
2013-06-21,0
2013-06-24,0
2013-06-25,0
2013-06-26,0
2013-06-27,0
2013-06-28,0
2013-07-01,0
2013-07-02,0
2013-07-03,0
2013-07-05,0
2013-07-08,0
2013-07-09,0
2013-07-10,0
2013-07-11,0
2013-07-12,0
2013-07-15,0
2013-07-16,0
2013-07-17,0
2013-07-18,0
2013-07-19,0
2013-07-22,0
2013-07-23,0
2013-07-24,0
2013-07-25,0
2013-07-26,0
2013-07-29,0
2013-07-30,0
2013-07-31,0
2013-08-01,0
2013-08-02,0
2013-08-05,0
2013-08-06,0
2013-08-07,0
2013-08-08,0
2013-08-09,0
2013-08-12,0
2013-08-13,0
2013-08-14,0
2013-08-15,0
2013-08-16,0
2013-08-19,0
2013-08-20,0
2013-08-21,0
2013-08-22,0
2013-08-23,0
2013-08-26,0
2013-08-27,0
2013-08-28,0
2013-08-29,0
